,num_per_sample,BERT,GanBert,LAMBADA
0,5.0,0.6000000238418579,0.2723214285714285,0.5979999899864197
1,10.0,0.2739999890327453,0.4598214285714285,0.2560000121593475
2,25.0,0.5619999766349792,0.375,0.5860000252723694
3,50.0,0.5199999809265137,0.5491071428571429,0.6200000047683716
