n_per_class,accuracy
5.0,0.5979999899864197
10.0,0.25600001215934753
25.0,0.5860000252723694
50.0,0.6200000047683716
