n_per_class,accuracy
5.0,0.6000000238418579
10.0,0.3240000009536743
25.0,0.6779999732971191
50.0,0.6240000128746033
