n_per_class,accuracy
5.0,0.6000000238418579
10.0,0.27399998903274536
25.0,0.5619999766349792
50.0,0.5199999809265137
