n_per_class,accuracy
5.0,0.27232142857142855
10.0,0.45982142857142855
25.0,0.375
50.0,0.5491071428571429
