n_per_class,accuracy
5.0,0.75
10.0,0.6100000143051147
25.0,0.7379999756813049
50.0,0.6420000195503235
