,n_per_class,accuracy
0,5.0,0.6039999723434448
1,10.0,0.335999995470047
2,25.0,0.6579999923706055
3,50.0,0.6039999723434448
