,n_per_class,accuracy
0,5.0,0.5659999847412109
1,10.0,0.593999981880188
2,25.0,0.6959999799728394
3,50.0,0.6880000233650208
