,n_per_class,accuracy
0,5.0,0.5600000023841858
1,10.0,0.5960000157356262
2,25.0,0.6779999732971191
3,50.0,0.7979999780654907
