,n_per_class,accuracy
0,5.0,0.6000000238418579
1,10.0,0.3720000088214874
2,25.0,0.5839999914169312
3,50.0,0.6520000100135803
