,n_per_class,accuracy
0,5.0,0.5334821428571429
1,10.0,0.5267857142857143
2,25.0,0.7321428571428571
3,50.0,0.7924107142857143
