,n_per_class,accuracy
0,5.0,0.11160714285714286
1,10.0,0.0
2,25.0,0.32142857142857145
3,50.0,0.39285714285714285
