,n_per_class,accuracy
0,5.0,0.5199999809265137
1,10.0,0.44999998807907104
2,25.0,0.6840000152587891
3,50.0,0.25
