n_per_class,accuracy
5.0,0.578000009059906
10.0,0.6359999775886536
25.0,0.5699999928474426
50.0,0.7919999957084656
