,num_per_sample,BERT,GanBert,LAMBADA
0,5.0,0.5820000171661377,0.4598214285714285,0.5879999995231628
1,10.0,0.5799999833106995,0.5357142857142857,0.527999997138977
2,25.0,0.5879999995231628,0.7790178571428571,0.6000000238418579
3,50.0,0.7839999794960022,0.7767857142857143,0.8159999847412109
