n_per_class,accuracy
5.0,0.45982142857142855
10.0,0.5357142857142857
25.0,0.7790178571428571
50.0,0.7767857142857143
