n_per_class,accuracy
5.0,0.5879999995231628
10.0,0.527999997138977
25.0,0.6000000238418579
50.0,0.8159999847412109
