n_per_class,accuracy
5.0,0.4959999918937683
10.0,0.6480000019073486
25.0,0.6740000247955322
50.0,0.7839999794960022
