n_per_class,accuracy
5.0,0.5419999957084656
10.0,0.6259999871253967
25.0,0.7020000219345093
50.0,0.7860000133514404
