n_per_class,accuracy
5.0,0.5820000171661377
10.0,0.5799999833106995
25.0,0.5879999995231628
50.0,0.7839999794960022
